old_path,new_path
/sale-13437288-plastic-abs-automatic-hand-soap-dispenser-for-kitchen-ce-certificate.html,/products/p-13437288/
/sale-13437580-350ml-manual-soap-dispenser-compact-hand-sanitiser-liquid-dispenser.html,/products/p-13437580/
/sale-13438216-0-25l-room-scent-diffuser-machine-300m3-aroma-fragrance-machine-for-office.html,/products/p-13438216/
/sale-13440437-kws-smart-timing-pp-plastic-durable-fan-fragrance-machine-aerosol-air-freshener-dispenser.html,/products/p-13440437/
/sale-13445160-floor-standing-kitchen-trash-can-touchless-25l-automatic-sanitary-bin.html,/products/p-13445160/
/sale-13447388-20l-pedal-sanitary-bin-abs-feminine-hygiene-trash-cans.html,/products/p-13447388/
/sale-13447594-center-pull-hand-paper-towel-dispenser-abs-plastic-stainless-finish.html,/products/p-13447594/
/sale-13460393-kws-aluminum-hvac-scent-diffuser-machine-aromatherapy.html,/products/p-13460393/
/sale-13460549-oem-home-large-area-scent-air-machines-500ml-capacity.html,/products/p-13460549/
/sale-13460634-smart-timing-0-5l-aroma-scent-machine-for-meeting-room.html,/products/p-13460634/
/sale-13461331-1l-hvac-scent-machine-floor-standing-essential-oil-diffuser-160x600mm.html,/products/p-13461331/
/sale-13461990-kws-350ml-refilled-humidifier-auto-liquid-dispenser-digital-air-freshener-aerosol-dispenser.html,/products/p-13461990/
/sale-13462018-kws-toilet-white-pp-plastic-deodorizer-air-freshener-aerosol-dispenser.html,/products/p-13462018/
/sale-13489952-500ml-electric-aromatherapy-diffuser-ac220v-whole-house-scent-machine.html,/products/p-13489952/
/sale-13489986-20kg-aluminum-shell-aroma-scent-machine-essential-oil-refill.html,/products/p-13489986/
/sale-13489996-aroma-therapy-air-conditioner-fragrance-diffuser-3000m3.html,/products/p-13489996/
/sale-13490099-50w-hvac-aroma-scent-machine-for-shopping-mall.html,/products/p-13490099/
/sale-13490105-refreshing-72ml-aroma-diffuser-essential-oil-for-scent-machine.html,/products/p-13490105/
/sale-13490378-pp-house-scent-machine-7-2kg-aroma-machine-for-fragrance.html,/products/p-13490378/
/sale-13490808-pp-air-scent-diffuser-machine-5w-wall-mounted-room-freshener.html,/products/p-13490808/
/sale-13491954-250ml-bottle-scent-air-machines-scent-machine-for-office-pure-essential-oil.html,/products/p-13491954/
/sale-13496230-kws-220v-wall-mounted-air-freshener-dispenser-quiet-working.html,/products/p-13496230/
/sale-13496309-50w-wall-mounted-scent-air-machines-for-fragrance-diffusion.html,/products/p-13496309/
/sale-13496370-odor-control-2ml-h-hotel-air-freshener-machine-desktop.html,/products/p-13496370/
/sale-13496674-aluminum-electric-220v-scent-air-machines-248x105x200mm.html,/products/p-13496674/
/sale-13497116-ac110v-scent-wave-air-machine-ce-air-freshener-machine-for-home.html,/products/p-13497116/
/sale-13497364-5w-hvac-essential-oil-diffuser-hotel-hvac-scenting-system.html,/products/p-13497364/
/sale-13497608-1ml-h-essential-oil-hvac-scent-diffuser-machine-250ml-plastic-bottle.html,/products/p-13497608/
/sale-13497733-large-room-fragrance-hvac-scent-diffuser-machine-1-2kg.html,/products/p-13497733/
/sale-13498254-fragrance-system-aroma-scent-machine-25db-office-fragrance-machine.html,/products/p-13498254/
/sale-13498268-large-area-commercial-hvac-fragrance-diffuser-led-screen.html,/products/p-13498268/
/sale-13498782-kws-high-quality-motor-wall-mounted-automatic-aerosol-air-freshener-dispenser.html,/products/p-13498782/
/sale-13498858-kws-easy-operation-350ml-automatic-air-freshener-aerosol-dispenser.html,/products/p-13498858/
/sale-13498919-kws-wall-mounted-portable-electric-automatic-air-freshener-aerosol-dispenser.html,/products/p-13498919/
/sale-13498980-kws-wall-mounted-battery-operated-non-contact-smart-air-freshener-automatic-aerosol.html,/products/p-13498980/
/sale-13500544-kws-non-contact-smart-automatic-liquid-pump-aerosol-air-freshener-dispenser.html,/products/p-13500544/
/sale-13500784-kws-eco-friendly-toilet-air-freshener-dispenser-aerosol-air-freshener-dispenser.html,/products/p-13500784/
/sale-13500824-kws-wall-mounted-aa-battery-operated-350ml-refillable-aerosol-air-freshener-dispenser.html,/products/p-13500824/
/sale-13501159-kws-lcd-air-freshener-aerosol-dispenser-with-key-lock.html,/products/p-13501159/
/sale-13501201-kws-auto-liquid-dispenser-digital-aerosol-air-freshener-dispenser.html,/products/p-13501201/
/sale-13502285-kws-toilet-deodora-spraying-machine-automatic-aerosol-air-freshener-dispenser.html,/products/p-13502285/
/sale-13502344-abs-toilet-fragrance-dispenser-lcd-wall-mounted-air-freshener-spray.html,/products/p-13502344/
/sale-13502486-mini-aa-battery-aerosol-air-freshener-dispenser-81x221mm.html,/products/p-13502486/
/sale-13502544-aerosol-battery-operated-air-freshener-dispenser-350ml.html,/products/p-13502544/
/sale-13502667-300ml-refills-continuous-air-freshener-dispenser-mute-stand-alone.html,/products/p-13502667/
/sale-13502842-public-place-aerosol-air-freshener-dispenser-1-5v-batteries.html,/products/p-13502842/
/sale-13502866-rohs-automatic-air-freshener-dispenser-bathroom-timed-air.html,/products/p-13502866/
/sale-13503198-infrared-encoding-aerosol-air-freshener-dispenser-l250mm.html,/products/p-13503198/
/sale-13503210-wall-mount-aerosol-air-freshener-dispenser-with-refills.html,/products/p-13503210/
/sale-13503292-h95mm-dispenser-aerosol-digital-ce-air-freshener-aerosol-spray.html,/products/p-13503292/
/sale-13505630-700ml-automatic-touchless-soap-dispenser-304-stainless-steel.html,/products/p-13505630/
/sale-13506567-0-85l-motion-sensor-hand-soap-dispenser-105x95x215mm.html,/products/p-13506567/
/sale-13506612-hotels-liquid-automatic-touchless-soap-dispenser-850ml.html,/products/p-13506612/
/sale-13507089-kitchen-wall-mounted-touchless-hand-sanitizer-dispenser.html,/products/p-13507089/
/sale-13507691-rohs-0-85l-automatic-touchless-soap-dispenser-4xaa-batteries.html,/products/p-13507691/
/sale-13507737-850ml-multi-nozzle-sensor-hand-wash-dispenser-for-kitchen.html,/products/p-13507737/
/sale-13507767-abs-aerosol-air-freshener-dispenser-kws-free-standing-air-freshener.html,/products/p-13507767/
/sale-13507790-kws-automatic-room-air-freshener-dispenser-with-remote-ce-certified.html,/products/p-13507790/
/sale-13507795-programmable-aerosol-room-freshener-300ml-automatic-perfume-dispenser.html,/products/p-13507795/
/sale-13507997-35ml-perfume-aerosol-air-freshener-dispenser-battery-operated.html,/products/p-13507997/
/sale-13508038-lcd-wall-mounted-automatic-perfume-dispenser-air-freshener.html,/products/p-13508038/
/sale-13508275-hotel-lobby-aerosol-air-freshener-dispenser-237x82x80mm.html,/products/p-13508275/
/sale-13508314-abs-remote-control-air-freshener-0-32l-auto-aerosol-dispenser.html,/products/p-13508314/
/sale-13508332-jewelry-shop-air-freshener-dispenser-aerosol-spray-dispenser-oem-odm.html,/products/p-13508332/
/sale-13508418-0-32l-aerosol-perfume-dispenser-lcd-wall-mounted-bathroom-air-freshener.html,/products/p-13508418/
/sale-13508451-digital-lcd-aerosol-air-freshener-dispenser-for-bathroom.html,/products/p-13508451/
/sale-13508499-plastic-h238mm-auto-spray-perfume-dispenser-1-year-warranty.html,/products/p-13508499/
/sale-13510409-hotel-led-display-aerosol-air-freshener-dispenser-300ml.html,/products/p-13510409/
/sale-13510418-hotel-microcomputer-fragrance-spray-machine-22kg.html,/products/p-13510418/
/sale-13510584-320ml-aerosol-air-freshener-dispenser-remote-control.html,/products/p-13510584/
/sale-13510622-1-5v-automatic-aerosol-dispenser-air-freshener-wall-mounted.html,/products/p-13510622/
/sale-13510681-237x82x80mm-aerosol-air-freshener-dispenser-for-ktv.html,/products/p-13510681/
/sale-13510776-cpu-control-automatic-aerosol-dispenser-toilet-air-freshener-dispenser-l237mm.html,/products/p-13510776/
/sale-13510801-hotel-aerosol-air-freshener-dispenser-pp-auto-spray-perfume-dispenser.html,/products/p-13510801/
/sale-13512959-abs-1200ml-automatic-touchless-soap-dispenser-dc-4xaa.html,/products/p-13512959/
/sale-13512997-abs-contactless-soap-dispenser-ac6v-alcohol-spray-hand-sanitizer-dispenser.html,/products/p-13512997/
/sale-13513875-refillable-foaming-hand-wash-dispenser-4xaa-batteries.html,/products/p-13513875/
/sale-13513918-0-35l-manual-soap-dispenser-170x85x90mm-for-kitchen.html,/products/p-13513918/
/sale-13514249-600ml-wall-mounted-kitchen-soap-dispenser-115x230mm-easy-assemble.html,/products/p-13514249/
/sale-13515004-anti-acid-abs-refillable-manual-soap-dispenser-for-bathroom.html,/products/p-13515004/
/sale-13515514-leisure-club-aerosol-air-freshener-dispenser-82x84x237mm.html,/products/p-13515514/
/sale-13519734-kitchen-floor-stand-automatic-touchless-soap-dispenser-4000ml.html,/products/p-13519734/
/sale-13519753-office-touchless-soap-dispenser-wall-mount-4000ml.html,/products/p-13519753/
/sale-13520362-gel-automatic-touchless-soap-dispenser-wall-mounted-ac110v.html,/products/p-13520362/
/sale-13520377-kws-automatic-sensor-alcohol-dispenser-1l-touch-free-hand-sanitizer-dispenser.html,/products/p-13520377/
/sale-13520396-desktop-automatic-touchless-soap-dispenser-220v-50hz.html,/products/p-13520396/
/sale-13520429-hotel-alcohol-hand-wash-dispenser-with-sensor-380x280x163mm.html,/products/p-13520429/
/sale-13520442-2l-automatic-touchless-soap-dispenser-wall-mounted.html,/products/p-13520442/
/sale-13524797-dried-flowers-7-5x29-3cm-fragrance-gift-sets-0-57kg.html,/products/p-13524797/
/sale-13525045-customized-scented-aroma-natural-reed-diffuser-for-gift.html,/products/p-13525045/
/sale-13525100-ce-certificate-reed-diffuser-fragrance-gift-sets-5-5x16cm.html,/products/p-13525100/
/sale-13527741-aromatherapy-oil-30ml-room-diffuser-with-sticks.html,/products/p-13527741/
/sale-13528241-30ml-wooden-reed-fragrance-gift-sets-pure-plant-oils.html,/products/p-13528241/
/sale-13528289-5-5x16cm-reed-stick-fragrance-gift-sets-0-13kg.html,/products/p-13528289/
/sale-13528293-home-50ml-aroma-natural-reed-diffuser-glass-bottle.html,/products/p-13528293/
/sale-13528299-rattan-sticks-fragrance-gift-sets-50ml-scented-oil-reed-diffuser.html,/products/p-13528299/
/sale-13528310-kws-aromatherapy-reed-diffuser-200ml-essential-oil-room-diffuser.html,/products/p-13528310/
/sale-13528315-200ml-fragrance-gift-sets-hotel-rattan-essential-oil-diffuser.html,/products/p-13528315/
/sale-13528331-kws-fragrance-gift-sets-5-5x16cm-30ml-for-home.html,/products/p-13528331/
/sale-13528344-30ml-mini-spa-gift-set-kws-oil-diffuser-with-wooden-sticks.html,/products/p-13528344/
/sale-13528500-oem-30ml-diffuser-fragrance-gift-sets-for-office.html,/products/p-13528500/
/sale-13528957-woodcarving-air-scents-reed-diffuser-0-16kg-reed-diffuser-gift-set.html,/products/p-13528957/
/sale-13530455-100ml-diffuser-perfume-fragrance-gift-sets-14x8x12-3cm.html,/products/p-13530455/
/sale-13530716-0-28kg-fragrance-gift-sets-70ml-mini-reed-diffuser.html,/products/p-13530716/
/sale-13530821-compact-female-sanitary-bins-disposal-units-antibacterial-with-25l-space-free-design.html,/products/p-13530821/
/sale-13531087-large-capacity-25l-sanitary-napkin-trash-can-smart-sensor-for-public-commerical-space.html,/products/p-13531087/
/sale-13531598-wooden-reed-fragrance-gift-sets-6-5x25-2cm-for-car.html,/products/p-13531598/
/sale-13531627-aromatherapy-120ml-fragrance-gift-sets-pure-plant-essential-oils.html,/products/p-13531627/
/sale-13535075-0-12l-fragrance-gift-sets-36-pieces-reed-diffuser-with-rattan-sticks.html,/products/p-13535075/
/sale-13535113-25-5x14cm-pull-paper-towel-dispenser-14-5kgs-center-pull-tissue-dispenser.html,/products/p-13535113/
/sale-13535117-25-5x14cm-hand-paper-towel-dispenser-center-pull.html,/products/p-13535117/
/sale-13535127-ce-center-pull-hand-towel-dispenser-hotel-paper-towel-roll-dispenser.html,/products/p-13535127/
/sale-13535166-kws-abs-central-hand-paper-towel-dispenser-waterproof.html,/products/p-13535166/
/sale-13535170-elegant-hand-towel-dispensers-wall-mounted-smooth-output.html,/products/p-13535170/
/sale-13535194-toilet-lady-sanitary-napkin-disposal-bin-36x17-5x53-5cm.html,/products/p-13535194/
/sale-13535196-abs-pedal-sanitary-bin-ladies-sanitary-napkin-disposal-bin.html,/products/p-13535196/
/sale-13535843-5-28-gallon-feminine-sanitary-bins-pedal-feminine-products-trash-can.html,/products/p-13535843/
/sale-13535852-kws-pedal-sanitary-bin-4kg-feminine-hygiene-disposal-bins.html,/products/p-13535852/
/sale-13535919-indoor-lightweight-large-foot-pedal-trash-can-20l.html,/products/p-13535919/
/sale-13536743-public-pure-nature-aroma-oil-0-5l-pure-therapeutic-essential-oils.html,/products/p-13536743/
/sale-13536798-aluminum-aroma-diffuser-essential-oil-500ml-for-hotel.html,/products/p-13536798/
/sale-13536910-pp-auto-spray-perfume-dispenser-4xaa-essential-oil-dispenser.html,/products/p-13536910/
/sale-13536992-75ml-solid-fragrance-aerosol-air-freshener-dispenser-auto-fan.html,/products/p-13536992/
/sale-13537081-whole-house-hvac-scent-delivery-system-250ml-commercial-air-scent-machine.html,/products/p-13537081/
/sale-13537230-odm-hvac-scent-diffuser-machine-dc12v5w-fragrance-oil-diffuser.html,/products/p-13537230/
/sale-13537318-233x83x180mm-hvac-scent-diffuser-machine-coverage-300m3.html,/products/p-13537318/
/sale-13537350-essential-oil-hvac-scent-diffuser-machine-25db-quiet-working.html,/products/p-13537350/
/sale-13537465-300m3-electric-essential-oil-diffuser-pp-hvac-aromatherapy-system.html,/products/p-13537465/
/sale-13540559-2-75kg-touchless-clean-room-hand-dryer-2400r-min.html,/products/p-13540559/
/sale-13540590-public-place-kws-wall-mounted-hand-dryer-7-seconds.html,/products/p-13540590/
/sale-13540655-strong-wind-abs-plastic-motion-sensor-hand-dryer-240x230mm.html,/products/p-13540655/
/sale-13545657-abs-lightweight-professional-hair-dryer-1-6kw-salon-quality-blow-dryer.html,/products/p-13545657/
/sale-13546694-kws-portable-0-5kg-lightweight-hair-dryer-foldable-handle.html,/products/p-13546694/
/sale-13546811-salon-folding-travel-hair-dryer-l230mm-fast-drying-blow-dryer.html,/products/p-13546811/
/sale-13546876-mini-ac220v-1-1kg-lightweight-hair-dryer-with-diffuser.html,/products/p-13546876/
/sale-13546943-ac110v-abs-wall-mounted-hand-dryer-with-infrared-sensor.html,/products/p-13546943/
/sale-13547720-50w-scent-air-machines-metal-hvac-essential-oil-diffuser.html,/products/p-13547720/
/sale-13548583-kws-500ml-bottle-scent-air-machines-ce-certificate.html,/products/p-13548583/
/sale-13548948-250ml-scentair-essence-machine-rohs-hvac-aroma-diffuser.html,/products/p-13548948/
/sale-13549342-2ml-h-electric-diffuser-air-freshener-ce-commercial-scent-diffuser-machine-automatic.html,/products/p-13549342/
/sale-13549364-portable-cool-mist-ultrasonic-aroma-diffuser-with-fan-system.html,/products/p-13549364/
/sale-13549871-wall-mounted-2000-m3-aroma-scent-machine-with-fan.html,/products/p-13549871/
/sale-13549932-aluminum-aroma-essential-oil-diffuser-500ml-wall-mount-air-freshner.html,/products/p-13549932/
/sale-13549933-1500m3-aroma-scent-machine-air-freshener-diffuser-20000-hours-lifespan.html,/products/p-13549933/
/sale-13549934-ce-260x200x275mm-aroma-scent-machine-for-hotel-lobby.html,/products/p-13549934/
/sale-13552840-bathroom-fully-sealed-hand-paper-towel-dispenser-mildewproof.html,/products/p-13552840/
/sale-13552851-kws-jumbo-roll-paper-dispenser-h28cm-wall-mounted-paper-towel-dispenser.html,/products/p-13552851/
/sale-13552861-dc-motor-h240mm-lightweight-professional-blow-dryer-1600w.html,/products/p-13552861/
/sale-13552862-abs-plastic-1200-watts-lightweight-hair-dryer-fast-drying.html,/products/p-13552862/
/sale-13552863-red-60db-lightweight-quiet-hair-dryer-145x215x80mm.html,/products/p-13552863/
/sale-13552866-220v-lightweight-travel-hair-dryer-nano-ionic-salon-hair-blower.html,/products/p-13552866/
/sale-13552867-wall-mount-2-speeds-lightweight-hair-dryer-3-temperatures-for-bathrooms.html,/products/p-13552867/
/sale-13552873-1-2kw-high-power-blow-dryer-lavatory-professional-hair-salon-dryer.html,/products/p-13552873/
/sale-13552874-salon-60db-lightweight-hair-dryer-20m-s-airflow-speed.html,/products/p-13552874/
/sale-13552876-220v-1200w-lightweight-hair-dryer-for-hotel-bath-room.html,/products/p-13552876/
/sale-13552877-ionic-household-lightweight-hair-dryer-abs-material.html,/products/p-13552877/
/sale-13552879-ce-portable-salon-hair-dryer-1kg-lightweight-ionic-hair-dryer.html,/products/p-13552879/
/sale-13553746-w13cm-manual-paper-towel-dispenser-apartment-wall-tissue-box-holder.html,/products/p-13553746/
/sale-13553786-lockable-ss-hand-paper-towel-dispenser-30x13x28-3cm.html,/products/p-13553786/
/sale-13554427-toilet-acidproof-hand-paper-towel-dispenser-germ-free.html,/products/p-13554427/
/sale-13554562-ss304-hand-towel-paper-dispenser-l30cm-tissue-holder-dispenser.html,/products/p-13554562/
/sale-13570972-1200w-wall-mounted-hand-dryer-stainless-steel-304.html,/products/p-13570972/
/sale-13571011-automatic-sensor-jet-air-hand-dryer-for-household.html,/products/p-13571011/
/sale-13571012-240v-toilet-hand-blower-1200w-touchless-hand-dryer-for-home.html,/products/p-13571012/
/sale-13571738-apartment-ss304-hand-paper-towel-dispenser-wall-mounted.html,/products/p-13571738/
/sale-13571768-ce-200-tissues-hand-paper-towel-dispenser-with-lock.html,/products/p-13571768/
/sale-13571777-h26-5cm-wall-mounted-toilet-tissue-dispenser-for-hotel.html,/products/p-13571777/
/sale-13571804-19kgs-hand-paper-towel-dispenser-save-paper-l11-5cm.html,/products/p-13571804/
/sale-13571823-h26-5cm-paper-towel-roll-dispenser-ce-hand-tissue-dispenser.html,/products/p-13571823/
/sale-13571937-ce-dustproof-hand-towel-dispensers-wall-mounted-compact.html,/products/p-13571937/
/sale-13571968-kws-525-multifold-hand-paper-towel-dispenser-surface-mounted.html,/products/p-13571968/
/sale-13581903-kws-usb-car-essential-oil-diffuser-ce-essential-oil-aromatherapy-diffuser.html,/products/p-13581903/
/sale-13581935-usb-essential-oil-diffuser-waterless-essential-oil-nebulizer-500ml-bottle.html,/products/p-13581935/
/sale-13591749-blue-usb-powerful-car-scent-diffuser-rohs-certificate.html,/products/p-13591749/
/sale-13592384-no-heat-humidifier-car-scent-diffuser-10ml-capacity.html,/products/p-13592384/
/sale-13592491-hvac-car-scent-essential-oil-diffuser-light-weight.html,/products/p-13592491/
/sale-13592549-ce-ultrasonic-car-scent-diffuser-with-200mah-battery.html,/products/p-13592549/
/sale-13593018-alum-car-smell-diffuser-pure-perfume-car-air-freshener.html,/products/p-13593018/
/sale-13593138-5w-usb-rechargeable-car-scent-diffuser-185x105mm.html,/products/p-13593138/
/sale-13593636-usb-waterless-essential-oil-diffuser-air-freshener-for-car.html,/products/p-13593636/
/sale-13593746-usb-desktop-car-scent-essential-oil-diffuser-easy-replace-oil-bottle.html,/products/p-13593746/
/sale-13593749-l185mm-ultrasonic-fragrance-diffuser-10ml-oil-diffuser-car-air-freshener.html,/products/p-13593749/
/sale-13593750-usb-mini-10ml-car-scent-diffuser-desktop-installation.html,/products/p-13593750/
/sale-13593751-w105mm-car-scent-diffuser-kws-essential-oil-for-car-smell.html,/products/p-13593751/
/sale-13593752-5w-battery-operated-mini-humidifier-l185mm-car-diffuser-air-freshener.html,/products/p-13593752/
/sale-13593753-h125mm-auto-shutoff-car-scent-diffuser-30hrs-working-time.html,/products/p-13593753/
/sale-13595961-kws-car-scent-diffuser-aluminum-fragrance-oil-car-diffuser.html,/products/p-13595961/
/sale-13595976-185x105x125mm-perfume-essential-oil-car-freshener-aluminum.html,/products/p-13595976/
/sale-13596235-essential-oil-rechargeable-car-scent-diffuser-with-timer-program.html,/products/p-13596235/
/sale-13596258-5w-car-air-freshener-diffuser-rohs-car-fragrance-diffuser.html,/products/p-13596258/
/sale-13597429-oem-aromatherapy-essential-oils-odm-fruity-floral-scented-essential-oils.html,/products/p-13597429/
/sale-13598070-therapeutic-kws-aroma-diffuser-essential-oil-peppermint.html,/products/p-13598070/
/sale-13598451-inhalation-natural-aromatherapy-oils-100-pure-daily-care-essential-oils.html,/products/p-13598451/
/sale-13598452-kws-shopping-mall-essential-oil-for-aroma-diffuser.html,/products/p-13598452/
/sale-13602243-10ml-aroma-diffuser-essential-oil-fresh-chamomile-private-label.html,/products/p-13602243/
/sale-13602299-oem-2ml-aroma-diffuser-essential-oil-glass-bottle-for-skin-care.html,/products/p-13602299/
/sale-13602322-rohs-aroma-body-massage-oil-2ml-natural-oils-for-skin-care.html,/products/p-13602322/
/sale-13603437-lavender-antiseptic-aroma-diffuser-essential-oil-for-shower.html,/products/p-13603437/
/sale-13603604-2ml-organic-aroma-lavender-essential-oil-for-home.html,/products/p-13603604/
/sale-13603772-watersoluble-aroma-diffuser-essential-oil-natural-for-improve-sleep.html,/products/p-13603772/
/sale-13603775-2ml-relaxing-body-massage-oil-rohs-essential-oils-for-face-care.html,/products/p-13603775/
/sale-13604820-shower-6-85kg-aroma-diffuser-essential-oil-chamomile-smell.html,/products/p-13604820/
/sale-13605535-ipx1-1800w-wall-mounted-hand-dryer-high-speed.html,/products/p-13605535/
/sale-13605818-31000rpm-electric-hand-dryers-for-toilets-10-seconds.html,/products/p-13605818/
/sale-13605934-220v-wall-mounted-hand-dryer-252km-h-strong-wind-power.html,/products/p-13605934/
/sale-13606056-saso-hotel-commercial-automatic-hand-dryers-save-energy.html,/products/p-13606056/
/sale-13606076-antimicrobial-hygiene-wall-mounted-hand-dryer-ul-approval.html,/products/p-13606076/
/sale-13606092-automatic-73db-electric-hand-dryers-for-bathrooms-60hz.html,/products/p-13606092/
/sale-13606261-3kg-wall-mounted-hand-dryer-12-sec-drying-ce-certification.html,/products/p-13606261/
/sale-13606768-waterless-abs-car-scent-diffuser-cool-mist-humidifier-scents-10x4-2x8-5cm.html,/products/p-13606768/
/sale-13607022-battery-car-ultrasonic-humidifier-74g-air-freshener-diffuser-car.html,/products/p-13607022/
/sale-13607025-intelligent-time-car-scent-diffuser-lightweight-74g.html,/products/p-13607025/
/sale-13608137-abs-wall-mounted-foaming-hand-soap-dispenser-60x70x220mm.html,/products/p-13608137/
/sale-13608250-alcohol-liquid-6-8kg-manual-soap-dispenser-rohs-certificate.html,/products/p-13608250/
/sale-13608268-h220mm-hand-lotion-pump-dispenser-kws-manual-hand-soap-dispenser.html,/products/p-13608268/
/sale-13608293-1000ml-manual-soap-dispenser-alcohol-hand-gel-dispenser-oem-label.html,/products/p-13608293/
/sale-13608588-plastic-elbow-operated-sanitizer-dispenser-hand-push-hospital-soap-dispenser.html,/products/p-13608588/
/sale-13609537-abs-elbow-operated-manual-soap-dispenser-wall-mounted.html,/products/p-13609537/
/sale-13610138-pressure-35-2oz-manual-soap-dispenser-for-bathroom.html,/products/p-13610138/
/sale-13610141-1l-touch-free-liquid-soap-dispenser-ce-elbow-hand-sanitizer-dispenser.html,/products/p-13610141/
/sale-13610144-90x230x287mm-manual-soap-dispenser-500ml-large-capacity.html,/products/p-13610144/
/sale-13610147-1000ml-elbow-operated-hand-sanitiser-dispenser-l90mm-wall-mount.html,/products/p-13610147/
/sale-13610825-eva-anti-splash-urinal-screen-160mm-for-man-restroom-toilet.html,/products/p-13610825/
/sale-13610961-32g-urinal-screens-deodorizer-round-urinal-bowl-freshener.html,/products/p-13610961/
/sale-13611062-anti-odor-scented-urinal-mats-restroom-urinal-screen-pad.html,/products/p-13611062/
/sale-13611100-fresh-air-urinal-scent-pads-durable-urinal-fragrance-mat.html,/products/p-13611100/
/sale-13611294-green-fragrance-ocean-mist-urinal-air-freshener-pad-160x160mm.html,/products/p-13611294/
/sale-13611389-round-anti-splash-toilet-urinal-fresheners-eva-material.html,/products/p-13611389/
/sale-13613827-bathroom-pedal-sanitary-bin-dia-236x306mm-1-year-warrranty.html,/products/p-13613827/
/sale-13613989-2-2-gallon-round-kitchen-garbage-cans-trash-can-with-foot-pedal-lid-opener.html,/products/p-13613989/
/sale-13614194-round-pedal-sanitary-bin-large-capacity-for-shopping-mall.html,/products/p-13614194/
/sale-13614420-oem-foot-pedal-garbage-bin-236x363mm-stainless-steel-recycling-bin.html,/products/p-13614420/
/sale-13614504-10l-stainless-steel-pedal-sanitary-bin-toilet-recycle.html,/products/p-13614504/
/sale-13614568-2-6-gallon-pedal-operated-dustbin-ss-kitchen-garbage-can-with-lid.html,/products/p-13614568/
/sale-13614621-pedal-stainless-steel-kitchen-bin-8l-office-trash-can-with-lid.html,/products/p-13614621/
/sale-13614700-reliable-bathroom-sets-pedal-sanitary-bin-248x200x318mm.html,/products/p-13614700/
/sale-13614812-6l-foot-pedal-trash-bin-rohs-foot-operated-garbage-bins.html,/products/p-13614812/
/sale-13616208-garden-recycling-pedal-sanitary-bin-ce-certificate.html,/products/p-13616208/
/sale-13617664-household-kitchen-trash-can-with-foot-pedal-silent-lid-close.html,/products/p-13617664/
/sale-13617721-living-room-pedal-sanitary-bin-16l-rectangle-stainless-steel-trash-can.html,/products/p-13617721/
/sale-13618308-20l-sanitary-waste-bins-kws-stainless-steel-pedal-bin.html,/products/p-13618308/
/sale-13618649-rose-gold-rubbish-pedal-sanitary-bin-for-car-4s-shop.html,/products/p-13618649/
/sale-13834816-kws-scent-air-fragrance-diffuser-hotel-hvac-500ml-metal-2000m3-coverage.html,/products/p-13834816/
/sale-13944540-essential-oil-car-aroma-diffuser-5-10ml-refillable-bottle-for-home-office.html,/products/p-13944540/
/sale-14162943-type-c-battery-operated-aroma-car-diffuser-essential-oil-15-20ml-capacity.html,/products/p-14162943/
/sale-26472271-public-abs-toilet-tissue-paper-dispenser-200mm-dia-135mmh-rolls.html,/products/p-26472271/
/sale-26562512-25l-super-capacity-feminine-sanitary-trash-can-4xaa-battery-for-hotel.html,/products/p-26562512/
/sale-26588416-350ml-liquid-pump-non-aerosol-dispenser-3xaa-battery-operated-refillable.html,/products/p-26588416/
/sale-26595158-300ml-toilet-automatic-air-freshener-dispenser-2xaa-battery-perfume-fragrance.html,/products/p-26595158/
/sale-29308468-desk-aerosol-air-freshener-dispenser-pp-aroma-essential-oil-diffuser.html,/products/p-29308468/
/sale-31772096-hvac-system-electric-home-scent-diffuser-machine-500ml-capacity.html,/products/p-31772096/
/sale-32281761-ultrasonic-aroma-machine-for-fragrance-tabletop-installation-flame-humidifier.html,/products/p-32281761/
/sale-36727729-rose-gold-air-perfume-machine-commercial-washroom-fragrance-machine-hvac.html,/products/p-36727729/
/sale-36727738-350ml-liquid-pump-air-scent-machine-for-home-battery-operated-refillable.html,/products/p-36727738/
/sale-36727745-50w-scentair-essence-machine-35db-air-scent-diffuser-machine.html,/products/p-36727745/
/sale-36727747-odor-control-air-freshener-machine-for-home-500ml-aluminum-bottle.html,/products/p-36727747/
/sale-36727823-aroma-electric-scent-diffuser-machine-for-hotel-lobby-wall-mounted.html,/products/p-36727823/
/sale-36727832-500ml-commercial-scent-diffuser-machine-smart-timing-integrated.html,/products/p-36727832/
/sale-36727846-20kg-air-conditioner-scent-diffuser-refillable-aromatherapy-type-hvac.html,/products/p-36727846/
/sale-36791495-1-5w-130ml-capacity-motion-sensor-abs-white-wall-plug-in-aroma-diffuser.html,/products/p-36791495/
/sale-36867172-humidifier-ultrasonic-usb-bluetooth-music-speaker-7-led-colorful-lights-changing-aromatherapy-essent.html,/products/p-36867172/
/sale-37068894-colorful-flame-aromatherapy-humidifier-200ml-usb-aroma-diffuser-household-cool-mist.html,/products/p-37068894/
/sale-37423367-7-cloros-ceramic-60ml-essential-oil-aroma-diffuser-of-scent-air-machine.html,/products/p-37423367/
/quality-13461417-0-85l-liquid-pump-soap-dispenser,/products/p-13461417/
/quality-13471187-500ml-pure-aroma-100-natural-essential-oils,/products/p-13471187/
/quality-13489989-2500m3-hvac-scent-machine,/products/p-13489989/
/quality-13489990-1000ml-large-area-scent-diffuser,/products/p-13489990/
/quality-13490736-250ml-ultrasonic-scent-machine,/products/p-13490736/
/quality-13491852-aluminum-alloy-automatic-perfume-sprayer-machine,/products/p-13491852/
/quality-13498635-75ml-automatic-aerosol-dispenser-air-freshener,/products/p-13498635/
/quality-13507399-850ml-battery-operated-hand-soap-dispenser,/products/p-13507399/
/quality-13508002-lcd-display-bathroom-deodorizer-dispenser,/products/p-13508002/
/quality-13508268-ktv-room-liquid-air-freshener-dispenser,/products/p-13508268/
/quality-13510404-1-5v-battery-automatic-perfume-spray-machine,/products/p-13510404/
/quality-13511443-pp-plastic-remote-control-aerosol-dispenser,/products/p-13511443/
/quality-13512964-touchless-hand-soap-and-sanitizer-dispenser,/products/p-13512964/
/quality-13513835-kitchen-liquid-foam-soap-dispenser,/products/p-13513835/
/quality-13514361-hotel-refillable-liquid-soap-dispenser,/products/p-13514361/
/quality-13515378-wall-mounted-hand-sanitizer-soap-dispenser,/products/p-13515378/
/quality-13520225-4000ml-contactless-hand-sanitizer-dispenser,/products/p-13520225/
/quality-13520247-2000ml-infrared-sensor-soap-dispenser,/products/p-13520247/
/quality-13520943-flower-plant-aroma-natural-reed-diffuser,/products/p-13520943/
/quality-13528322-decorative-non-toxic-reed-diffuser,/products/p-13528322/
/quality-13528326-30ml-scented-oil-reed-diffuser,/products/p-13528326/
/quality-13529782-ceramic-bottle-home-fragrance-reed-diffuser,/products/p-13529782/
/quality-13535125-observation-window-hand-paper-towel-dispenser,/products/p-13535125/
/quality-13535192-slimline-sanitary-bins-for-ladies-toilets,/products/p-13535192/
/quality-13535535-20l-capacity-toilet-waste-bin,/products/p-13535535/
/quality-13540545-2400r-min-electric-air-hand-dryer,/products/p-13540545/
/quality-13546922-abs-plastic-hands-free-hand-dryer,/products/p-13546922/
/quality-13547347-24x23cm-automatic-hand-dryers-commercial,/products/p-13547347/
/quality-13547575-50w-hvac-essential-oil-diffuser,/products/p-13547575/
/quality-13547665-commercial-scent-delivery-machine,/products/p-13547665/
/quality-13548462-500ml-aroma-oil-dispenser,/products/p-13548462/
/quality-13549384-25db-home-hvac-scent-diffuser,/products/p-13549384/
/quality-13552847-jumbo-roll-wall-mounted-paper-towel-dispenser,/products/p-13552847/
/quality-13552852-30x13x28-3cm-manual-paper-towel-dispenser,/products/p-13552852/
/quality-13552860-1600w-lightweight-quiet-hair-dryer,/products/p-13552860/
/quality-13552864-abs-plastic-wall-mounting-hair-dryer,/products/p-13552864/
/quality-13552868-1-1kg-hair-blower-and-dryer,/products/p-13552868/
/quality-13552875-anti-dropping-compact-travel-hair-dryer,/products/p-13552875/
/quality-13552881-hotel-mini-blow-dryer-with-diffuser,/products/p-13552881/
/quality-13561674-240v-hand-dryer-for-home-bathroom,/products/p-13561674/
/quality-13571832-19kgs-waterproof-paper-towel-dispenser,/products/p-13571832/
/quality-13572105-ss-hand-paper-towel-dispenser-wall-mounted,/products/p-13572105/
/quality-13592392-rechargeable-car-air-freshener-essential-oil-diffuser,/products/p-13592392/
/quality-13593748-waterless-nebulizing-scent-diffuser,/products/p-13593748/
/quality-13596147-ultrasonic-cool-mist-essential-oil-humidifier,/products/p-13596147/
/quality-13598114-kws-pure-peppermint-essential-oil,/products/p-13598114/
/quality-13601986-10ml-tea-tree-oil-aromatherapy,/products/p-13601986/
/quality-13603664-oem-lavender-essential-oil-scent,/products/p-13603664/
/quality-13603776-2ml-organic-tea-tree-essential-oil,/products/p-13603776/
/quality-13606143-4-6kg-automatic-sensor-hand-dryer,/products/p-13606143/
/quality-13607017-rohs-oil-diffuser-car-air-freshener,/products/p-13607017/
/quality-13607023-74g-essential-oil-car-freshener,/products/p-13607023/
/quality-13608178-60x70x220mm-manual-liquid-soap-dispenser,/products/p-13608178/
/quality-13610039-wall-mounted-elbow-press-soap-dispenser,/products/p-13610039/
/quality-13611535-anti-splash-urinal-deodorizer-mats,/products/p-13611535/
/quality-13617898-12l-small-rectangle-bathroom-bin,/products/p-13617898/
/quality-13618573-napkin-sanitary-toilet-pedal-bin,/products/p-13618573/
/quality-13618676-3-in-1-20-litre-stainless-steel-pedal-bin,/products/p-13618676/
/products.html,/products/
/aboutus.html,/about/
/factory.html,/manufacturing/
/quality.html,/quality/
/contactus.html,/contact/
/contactnow.html,/contact/
/video.html,/resources/
/video-all.html,/resources/
/video-playlist.html,/resources/
/news.html,/news/
/sitemap.html,/site-map/
/privacy.html,/privacy/
/cases/our-business-partners-1898.html,/about/partners/
/supplier-429368-hand-paper-towel-dispenser,/categories/hand-paper-towel-dispenser/
/supplier-429376p2-fragrance-gift-sets,/categories/fragrance-gift-sets/
/supplier-429369-car-scent-diffuser,/categories/car-scent-diffuser/
/supplier-429372-lightweight-hair-dryer,/categories/lightweight-hair-dryer/
/supplier-429371p2-pedal-sanitary-bin,/categories/pedal-sanitary-bin/
/supplier-431418p2-aroma-scent-machine,/categories/aroma-scent-machine/
/supplier-429365p2-scent-air-machines,/categories/scent-air-machines/
/supplier-429376-fragrance-gift-sets,/categories/fragrance-gift-sets/
/supplier-429366-aerosol-air-freshener-dispenser,/categories/aerosol-air-freshener-dispenser/
/supplier-429364p2-automatic-touchless-soap-dispenser,/categories/automatic-touchless-soap-dispenser/
/supplier-429372p2-lightweight-hair-dryer,/categories/lightweight-hair-dryer/
/supplier-429368p2-hand-paper-towel-dispenser,/categories/hand-paper-towel-dispenser/
/supplier-429365-scent-air-machines,/categories/scent-air-machines/
/supplier-429370-manual-soap-dispenser,/categories/manual-soap-dispenser/
/supplier-3076248-automatic-sanitary-bin,/categories/automatic-sanitary-bin/
/supplier-429370p2-manual-soap-dispenser,/categories/manual-soap-dispenser/
/supplier-431418-aroma-scent-machine,/categories/aroma-scent-machine/
/supplier-429366p3-aerosol-air-freshener-dispenser,/categories/aerosol-air-freshener-dispenser/
/supplier-429366p4-aerosol-air-freshener-dispenser,/categories/aerosol-air-freshener-dispenser/
/supplier-429366p2-aerosol-air-freshener-dispenser,/categories/aerosol-air-freshener-dispenser/
/supplier-429373p2-wall-mounted-hand-dryer,/categories/wall-mounted-hand-dryer/
/supplier-429369p2-car-scent-diffuser,/categories/car-scent-diffuser/
/supplier-429373-wall-mounted-hand-dryer,/categories/wall-mounted-hand-dryer/
/supplier-429371-pedal-sanitary-bin,/categories/pedal-sanitary-bin/
/supplier-429364-automatic-touchless-soap-dispenser,/categories/automatic-touchless-soap-dispenser/
/supplier-429375p2-aroma-diffuser-essential-oil,/categories/aroma-diffuser-essential-oil/
/supplier-431417-hvac-scent-diffuser-machine,/categories/hvac-scent-diffuser-machine/
/supplier-429375-aroma-diffuser-essential-oil,/categories/aroma-diffuser-essential-oil/
/video-106699-1-5w-130ml-wall-plug-in-motion-senser-aroma-diffuser.html,/resources/v-106699/
/video-113198-ceramic-scent-air-machine.html,/resources/v-113198/
/video-175751-fvc-urinal-mat.html,/resources/v-175751/
/video-175752-25l-super-capacity-feminine-sanitary-trash-can-4xaa-battery-for-hotel.html,/resources/v-175752/
/video-44745-scent-air-machine.html,/resources/v-44745/
/video-44747-250ml-scentair-essence-machine-rohs-hvac-aroma-diffuser.html,/resources/v-44747/
/video-44806-0-25l-room-scent-diffuser-machine-300m3-aroma-fragrance-machine-for-office.html,/resources/v-44806/
/video-45350-kws-scent-air-fragrance-diffuser-hotel-hvac-500ml-metal-air-commercial-aroma-machine.html,/resources/v-45350/
/video-45353-kws-easy-operation-350ml-automatic-air-freshener-aerosol-dispenser.html,/resources/v-45353/
/video-45356-aerosol-dispenser.html,/resources/v-45356/
/video-45366-kws-toilet-deodora-spraying-machine-automatic-aerosol-air-freshener-dispenser.html,/resources/v-45366/
/video-45371-ktv-room-liquid-air-freshener-dispenser.html,/resources/v-45371/
/video-45372-leisure-club-aerosol-air-freshener-dispenser-82x84x237mm.html,/resources/v-45372/
/video-45373-35ml-perfume-aerosol-air-freshener-dispenser-battery-operated.html,/resources/v-45373/
/video-45565-eva-anti-splash-urinal-screen-160mm-for-man-restroom-toilet.html,/resources/v-45565/
/video-45566-abs-wall-mounted-foaming-hand-soap-dispenser-60x70x220mm.html,/resources/v-45566/
/video-45567-plastic-elbow-operated-sanitizer-dispenser-hand-push-hospital-soap-dispenser.html,/resources/v-45567/
/video-45569-pp-auto-spray-perfume-dispenser-4xaa-essential-oil-dispenser.html,/resources/v-45569/
/video-45575-700ml-automatic-touchless-soap-dispenser-304-stainless-steel.html,/resources/v-45575/
/video-45581-abs-toilet-fragrance-dispenser-lcd-wall-mounted-air-freshener-spray.html,/resources/v-45581/
/video-45583-300ml-refills-continuous-air-freshener-dispenser-mute-stand-alone.html,/resources/v-45583/
/video-45587-kws-lcd-air-freshener-aerosol-dispenser-with-key-lock.html,/resources/v-45587/
/video-45588-kws-350ml-refilled-humidifier-auto-liquid-dispenser-digital-air-freshener-aerosol-dispenser.html,/resources/v-45588/
/video-45590-kws-220v-wall-mounted-air-freshener-dispenser-quiet-working.html,/resources/v-45590/
/video-45592-kitchen-wall-mounted-touchless-hand-sanitizer-dispenser.html,/resources/v-45592/
/video-45593-pp-plastic-remote-control-aerosol-dispenser.html,/resources/v-45593/
/video-45595-0-25l-room-scent-diffuser-machine-300m3-aroma-fragrance-machine-for-office.html,/resources/v-45595/
/video-45599-odm-hvac-scent-diffuser-machine-dc12v5w-fragrance-oil-diffuser.html,/resources/v-45599/
/video-45701-kws-aerosol-dispenser.html,/resources/v-45701/
/video-69427-center-pull-hand-paper-towel-dispenser-abs-plastic-stainless-finish.html,/resources/v-69427/
/video-79497-kws-auto-liquid-dispenser-digital-aerosol-air-freshener-dispenser.html,/resources/v-79497/
/news/all-employees-of-shenzhen-kws-industrial-co-ltd-went-out-for-team-building-87088.html,/news/team-building/
